{
  "1": {
    "module": "/Authentication/PortalSSO.php",
    "enabled": false,
    "requires": null
  },
  "2": {
    "module": "/Authentication/JWT.php",
    "enabled": true,
    "requires": null
  },
  "3": {
    "module": "/Database/SQL.php",
    "enabled": false,
    "requires": null
  },
  "4": {
    "module": "/Email/PHPMail.php",
    "enabled": false,
    "requires": null
  },
  "5": {
    "module": "/ErrorHandler/ErrorHandler.php",
    "enabled": true,
    "requires": null
  },
  "6": {
    "module": "/ErrorHandler/WarningHandler.php",
    "enabled": true,
    "requires": null
  },
  "7": {
    "module": "/Router/Router.php",
    "enabled": true,
    "requires": null
  },
  "8": {
    "module": "/Security/Encryption.php",
    "enabled": true,
    "requires": null
  }
}